category,title,slug,source_url,tagline,players,difficulty,age,vibes,description,trailer_url,booking_url,gallery_image_count,gallery_image_urls,needs_review
VR Arcade,Angry Birds VR: Isle of Pigs,angry-birds-vr-isle-of-pigs,https://overworld.com.sg/experience/angry-birds-vr-isle-of-pigs/,Slingshot the iconic birds across pig fortresses in immersive 3D.,1,Easy,8+,Puzzle & Escape; Casual & Party,"Join Red, Chuck, Bomb & the Blues to save the stolen eggs in Angry Birds VR: Isle of Pigs, an immersive VR adventure! Discover the island where the greedy pigs vacation, slingshot your way to defeat Dr. Frankenswine & create/share/discover an infinite number of levels with the online level builder.",https://www.youtube.com/embed/ctq3lhtGCMQ?feature=oembed,https://bookeo.com/overworldKallangwavemall,2,https://overworld.com.sg/wp-content/uploads/2026/04/AngryBirdsVRQuest.webp; https://overworld.com.sg/wp-content/uploads/2026/04/angry-birds-vr-isle-of-pigs_ws9y-scaled.jpg,
VR Arcade,Archer,archer,https://overworld.com.sg/experience/archer/,Master the bow in fantasy co-op archery missions.,2-4,Medium,13+,Shooter; Adventure; Tower defense; Co-op,"Have you ever wanted to try yourself at archery? Have you ever dreamt of becoming a hero of the Middle Ages? In Archer, you are to fight hordes of orcs, goblins, and trolls attacking your fortress, and in the end - defeat the main boss! You can either fight off alone like a true hero or call your friends for help and shoot monsters together. Hurry! Grab a bow and defend your castle against uninvited guests!",https://www.youtube.com/embed/k-Yvc1vHEI0?feature=oembed,https://bookeo.com/overworldKallangwavemall,2,https://overworld.com.sg/wp-content/uploads/2026/04/Archer-1.webp; https://overworld.com.sg/wp-content/uploads/2026/04/Archer-VR-Gaming-Cypher-scaled-1.webp,
VR Arcade,Arizona Sunshine,arizona-sunshine,https://overworld.com.sg/experience/arizona-sunshine/,Fight your way through a zombie-ravaged American Southwest.,2-4,Hard,16+,Shooter; Zombie; Co-op,"Arizona Sunshine puts you and up to 3 fellow survivors in the midst of a zombie apocalypse. Survive solo or in co-op, handle weapons with real-life movements, and explore a post-apocalyptic world in VR. Putting the undead back to rest is more thrilling than ever before.",https://www.youtube.com/embed/jOnkrS3s3FE?feature=oembed,https://bookeo.com/overworldKallangwavemall,2,https://overworld.com.sg/wp-content/uploads/2026/06/arizona-sunshine-1-1.webp; https://overworld.com.sg/wp-content/uploads/2026/06/ss_baa449521f523bf58c271c4ee905e9a746cf3c83.600x338.jpg,
VR Arcade,Arizona Sunshine 2,arizona-sunshine-2,https://overworld.com.sg/experience/arizona-sunshine-2/,The undead are back - and this time you brought a dog.,1-4,Hard,16+,Shooter; Zombie; Co-op,"Welcome back to sun-kissed, zombified Arizona. It's time to say hello to your old pal, Fred. Arizona Sunshine(R) 2, the next-gen sequel to the fan-favorite VR apocalypse, packs even more goregeous zombie action! Narrated by the unmistakable quips of our dark-humored protagonist, Arizona Sunshine 2 sets you on an all-new limb-strewn adventure in search of answers. In a post-apocalyptic world where every bullet counts, experience the thrill of realistic combat as you wield all-new and fan-favorite weapons-from shotguns to machetes and flamethrowers.",https://www.youtube.com/embed/gbVVXLxWwJQ?feature=oembed,https://bookeo.com/overworldKallangwavemall,2,https://overworld.com.sg/wp-content/uploads/2026/04/AZS2_Screenshot_92-1024x576-1.png; https://overworld.com.sg/wp-content/uploads/2026/04/arizona-sunshine-2-review-screenshots_vw6a-scaled.png,
VR Arcade,Arvi Arena,arvi-arena,https://overworld.com.sg/experience/arvi-arena/,Tournament-grade arena combat for competitive squads.,2-8,Medium,10+,Shooter; PvP / Competitive,​ARVI Arena is a dynamic and immersive multiplayer shooter with sci-fi elements. The rich variety of maps and weapons will excite every fan of action games. Use teleport features and explore the area to get bonus items. Only the most skilled players will make it through the game and become the last survivor in the futuristic virtual battle!,https://www.youtube.com/embed/vxqb6nUcsqo?feature=oembed,https://bookeo.com/overworldKallangwavemall,2,https://overworld.com.sg/wp-content/uploads/2026/04/scr_10.jpg; https://overworld.com.sg/wp-content/uploads/2026/04/maxresdefault-1.jpg,
VR Arcade,Battle Blocks,battle-blocks,https://overworld.com.sg/experience/battle-blocks/,Competitive block-stacking puzzle action for all ages.,1,Easy,10+,PvP / Competitive; Puzzle & Escape; Tactical,"Battle Blocks VR is not just about quick reflexes. It introduces a new layer of strategic gameplay, where every move you make can be used to attack or defend. Different cleanup types, such as single, double, triple, and quad, come with their own rewards and attack intensities, making every choice crucial.
Game Mechanics: The rules are simple, but the strategies are endless. Clear the layers and prevent your playground from overflowing. In multiplayer mode, use your cleared layers to launch attacks, aiming to overflow your opponent's playground. But remember, a well-timed defense can turn the tide, allowing you to parry incoming attacks and strike back with precision.
Designed with precision and a deep understanding of arcade owners' needs, Battle Blocks VR is not just a game; it's a strategic addition to elevate customer experience and engagement at your arcade.",https://www.youtube.com/embed/7WY6HsSB5Kc?feature=oembed,https://bookeo.com/overworldKallangwavemall,2,https://overworld.com.sg/wp-content/uploads/2026/04/6.jpg; https://overworld.com.sg/wp-content/uploads/2026/04/1.jpg,
VR Arcade,Beat Saber,beat-saber,https://overworld.com.sg/experience/beat-saber/,"Slash, smash, and feel the rhythm.",1-5,Easy,8+,Rhythm & Music,"Beat Saber is an immersive rhythm experience you have never seen before! Enjoy tons of handcrafted levels and swing your way through the pulsing music beats, surrounded by a futuristic world.
Use your sabers to slash the beats as they come flying at you - every beat indicates which saber you need to use and the direction you need to match. With Beat Saber you become a dancing superhero!",https://www.youtube.com/embed/CqKj02Q-BNI?feature=oembed,https://bookeo.com/overworldKallangwavemall,2,https://overworld.com.sg/wp-content/uploads/2026/04/images-1.webp; https://overworld.com.sg/wp-content/uploads/2026/04/Beat-Saber-Ends-Support-on-PS4-and-Ps5.webp,
VR Arcade,Cook-Out,cook-out,https://overworld.com.sg/experience/cook-out/,Frantic co-op cooking chaos for crews who can take the heat.,1-4,Medium,13+,Casual & Party; Co-op,"Get your aprons ready... things are about to get messy in this award-winning multiplayer VR cooking game from Resolution Games! Set within the cook's cabin of a fairy-tale forest, Cook-Out: A Sandwich Tale is a wacky and whimsical adventure.",https://www.youtube.com/embed/Wwb5Cu8lNxE?feature=oembed,https://bookeo.com/overworldKallangwavemall,2,https://overworld.com.sg/wp-content/uploads/2026/04/cook-out-vr.webp; https://overworld.com.sg/wp-content/uploads/2026/04/cookout_screenshot_2.webp,
VR Arcade,Dick Wilde 2,dick-wilde-2,https://overworld.com.sg/experience/dick-wilde-2/,Blast swamp creatures with co-op shoot-em-up arcade chaos.,1-2,Easy,10+,Shooter; Co-op,The local lakes and ravines have been infected by a toxic outbreak! Pair up with your friends in co-op mode and take on the deadly ooze and its disgusting dwellers.,https://www.youtube.com/embed/BhR65-P9GHc?feature=oembed,https://bookeo.com/overworldKallangwavemall,2,https://overworld.com.sg/wp-content/uploads/2026/04/DuqnqmTUUAArqp8.webp; https://overworld.com.sg/wp-content/uploads/2026/04/1-1.jpg,
VR Arcade,Elven Assassin,elven-assassin,https://overworld.com.sg/experience/elven-assassin/,Defend the kingdom with bow and arrow against orc invaders.,1-4,Medium,10+,Adventure; Tower defense; Co-op,"TROLLS, ORCS, AND DRAGONS! Enter a land of fantasy where you play as an assassin defending your town against Trolls, Orcs, and Dragons who want nothing more than to destroy your town and everyone inside. You and up to 4 fellow assassins band together to save your small piece of paradise by shooting arrows and the occasional fireball, as well as catapulting rocks and cannonballs down upon those who dare attack you, but watch out these baddies aren't going to just let you slaughter them. Duck, dodge, and dash away all in the hopes of staying alive.",https://www.youtube.com/embed/ebmVGuF44E4?feature=oembed,https://bookeo.com/overworldKallangwavemall,2,https://overworld.com.sg/wp-content/uploads/2026/04/Elven-Assasin-compress-11-1.jpg; https://overworld.com.sg/wp-content/uploads/2026/04/Elven-Assasin-compress-12-2.jpg,
VR Arcade,Escape Bloody Mary,escape-bloody-mary,https://overworld.com.sg/experience/escape-bloody-mary/,Solo horror puzzle escape - survive the ghost in the mirror.,1,Medium,16+,Puzzle & Escape; Horror,"Escape Bloody Mary is a short and sweet horror VR escape room following the folklore behind the legend of Bloody Mary. Turn off the lights, light a few candles, say her name three times into a mirror and you might see her on the other side. Escape Bloody Mary takes you through the worst possible scenario of the childhood ritual. Prepare for an immersive horror experience which transforms your typical bathroom into an unsettling and stressful haunted environment with no way out. Can you find a way out before Bloody Mary claims your soul?",https://www.youtube.com/embed/MNnmQbY3pHE?feature=oembed,https://bookeo.com/overworldKallangwavemall,2,https://overworld.com.sg/wp-content/uploads/2026/04/ss_8b36d20c0451525697fcd5a2962970ebf521f9e8.1920x1080.jpg; https://overworld.com.sg/wp-content/uploads/2026/04/maxresdefault.jpg,
VR Arcade,Fear of the Dark,fear-of-the-dark,https://overworld.com.sg/experience/fear-of-the-dark/,A spine-chilling co-op horror experience for the brave.,1-5,Medium,16+,Shooter; Puzzle & Escape; Co-op,"Do your best to survive in a village infected by some of the scariest creatures you've ever seen. Tread carefully, be alert, shoot with precision and you might be able to make it out alive. Play together with up to five friends in co-op mode.",https://www.youtube.com/embed/9Gt-hgk1vGs?feature=oembed,https://bookeo.com/overworldKallangwavemall,2,https://overworld.com.sg/wp-content/uploads/2026/04/ss_c2ef6cc627fbf95bb995d8d2003bb602036de4b5.jpg; https://overworld.com.sg/wp-content/uploads/2026/04/movie_full.jpg,
VR Arcade,Fruit Ninja VR,fruit-ninja-vr,https://overworld.com.sg/experience/fruit-ninja-vr/,Slice flying fruit with virtual katana blades. Endless arcade fun.,1,Easy,8+,Casual & Party,"​The most satisfying and accessible party game ever created comes to virtual reality! The Fruit Ninja phenomenon continues into the next generation yet again, and the Dojo is ready. YOU are the ninja!
​
Play the original fruit-slicing action game enjoyed by billions of players around the world in a whole new way! Fruit Ninja VR takes squishy, satisfying gameplay and turns it into a virtual reality experience that can be enjoyed by players of all ages and skill levels. Step into the Fruit Ninja universe and tackle fruit from all angles - just don't hit the bombs!
​
Take your ninja skills to the next level by slicing, juggling and skewering fruit in virtual reality. Hit huge combos, deflect bombs with a flick of the wrist, and stake your claim on global leader boards or relax with some Zen Mode.",https://www.youtube.com/embed/d2tSJ3oKGS0?feature=oembed,https://bookeo.com/overworldKallangwavemall,2,https://overworld.com.sg/wp-content/uploads/2026/06/fruit-ninja-vr-free-download-preinstalled-steamrip.jpg; https://overworld.com.sg/wp-content/uploads/2026/04/71dIfNfE1yL.jpg,
VR Arcade,Galactic Rangers VR,galactic-rangers-vr,https://overworld.com.sg/experience/galactic-rangers-vr/,Fast-paced sci-fi shooter across galactic battlefields.,1-2,Easy,10+,Shooter; Co-op,"Best Space first-person shooter in which you - the main character, a brave galactic ranger. Grab your blasters and forth to sweep opponents! It's time to fight the enemies!
Have you ever dreamed of having a classic arcade cabinet in your house or apartment, or even at the office? Have you seen yourself being totally inside the game? Now, with Galactic Rangers VR, there is only one thing you need to do in order to turn this dream to reality. Just get your VR helmet and run the game. Galactic Rangers VR will take you on and immerse into a space battle!",https://www.youtube.com/embed/v3vjCQsgCVQ?feature=oembed,https://bookeo.com/overworldKallangwavemall,2,https://overworld.com.sg/wp-content/uploads/2026/04/galactic-rangers6.jpeg; https://overworld.com.sg/wp-content/uploads/2026/04/5e268dae46177c5295455943.webp,
VR Arcade,Gang of Dummizz,gang-of-dummizz,https://overworld.com.sg/experience/gang-of-dummizz/,Cartoonish co-op gunplay with goofy gang antics.,1-6,Easy,13+,Shooter; Adventure; Co-op,"Wrongly accused and brought to justice, you have decided to take revenge...
Escaped from prison, you and your former colleagues prepare the heist of the century. Because yes, the VSC Bank where you used to work is waiting for you... and you intend to (really) plunder it!",https://www.youtube.com/embed/KMkjyqEGUkk?feature=oembed,https://bookeo.com/overworldKallangwavemall,2,https://overworld.com.sg/wp-content/uploads/2026/04/Img-paysage_01.webp; https://overworld.com.sg/wp-content/uploads/2026/04/68b32a99be6ce066ad2ef6a1_64f7954a297341d681c55322_2.jpeg,
VR Arcade,Half-Life: Alyx,half-life-alyx,https://overworld.com.sg/experience/half-life-alyx/,The legendary VR shooter campaign - a benchmark experience.,1,Hard,16+,Shooter; Adventure,"Half-Life: Alyx is Valve's VR return to the Half-Life series. It's the story of an impossible fight against a vicious alien race known as the Combine, set between the events of Half-Life and Half-Life 2.
Playing as Alyx Vance, you are humanity's only chance for survival. Since the Black Mesa incident, the Combine's control of the planet has only strengthened as they corral the remaining population in cities. Among them are some of Earth's greatest scientists: you and your father, Dr. Eli Vance.
As founders of a fledgling Resistance, you've continued your clandestine scientific activity-performing critical research and building invaluable tools for the few humans brave enough to defy the Combine.
Every day, you learn more about your enemy, and every day you work toward finding a weakness.",https://www.youtube.com/embed/eissLJw27d4?feature=oembed,https://bookeo.com/overworldKallangwavemall,2,https://overworld.com.sg/wp-content/uploads/2026/04/halflife_alyx_11-scaled.jpg; https://overworld.com.sg/wp-content/uploads/2026/04/ss_fcc7a64234b8b26cac3d69dfc4779dd438582f15.1920x1080.jpg,
VR Arcade,Kyber Knights,kyber-knights,https://overworld.com.sg/experience/kyber-knights/,Lightsaber arena duels for the next generation of VR knights.,2-10,Medium,10+,Shooter; PvP / Competitive,A multiplayer VR game. Kyber Knights is a fun and easy multiplayer game developed exclusively for VR MMOFPS. Simple controls and an easy to control Operator View make this fast paced shooter a great choice for MMOFPS.,https://www.youtube.com/embed/ak0G9_stxvQ?feature=oembed,https://bookeo.com/overworldKallangwavemall,2,https://overworld.com.sg/wp-content/uploads/2026/04/ss_ed80682ff0b9ed575144b1377d2eb983536d895e.1920x1080.jpg; https://overworld.com.sg/wp-content/uploads/2026/04/page_bg_raw-1.png,
VR Arcade,Loco Dojo,loco-dojo,https://overworld.com.sg/experience/loco-dojo/,Wacky party minigames in a martial arts dojo of nonsense.,1-4,Medium,10+,PvP / Competitive; Casual & Party,"Enter the whimsical wooden world of Loco Dojo and step up to Grand Sensei's 'Table of Trials' to pit your silliest skills against (up to) three friends or strangers in this hilariously competitive cross-platform multiplayer social VR party game.
Take turns to spin the dice wheel and move your counter around the dojo's game board, acquiring strategic prizes and launching ludicrous trials in which to compete with your rival players to prove yourself as a master of martial madness!",https://www.youtube.com/embed/20vRNxMfVKs?feature=oembed,https://bookeo.com/overworldKallangwavemall,2,https://overworld.com.sg/wp-content/uploads/2026/04/LocoDojoScreenshot_FoggyMarsh.webp; https://overworld.com.sg/wp-content/uploads/2026/04/image_2.jpg,
VR Arcade,Oh Shape,oh-shape,https://overworld.com.sg/experience/oh-shape/,Strike a pose to fit through walls in this hilarious rhythm workout.,1,Medium,10+,Rhythm & Music; Casual & Party,"Oh Shape is a VR rhythm game offering a unique way of moving your whole body. Dodge obstacles, punch walls and make fun poses to get through each map. Play with the coins and be the star of your own show!
Without realizing it, you'll be working out like you've never done before, and you will just want more and more. Enjoy the feeling, and sweat it out!
​Oh Shape is fun for all the family. With 4 difficulty levels and a lot of gameplay settings, you can customize the experience to your skills and you will see great improvements with practice.
Oh Shape is a great gateway into the VR rhythm world but it's also a real challenge for the most seasoned players.",https://www.youtube.com/embed/l7SkBuhvhlk?feature=oembed,https://bookeo.com/overworldKallangwavemall,2,https://overworld.com.sg/wp-content/uploads/2026/04/Ohshape-2.webp; https://overworld.com.sg/wp-content/uploads/2026/04/Copia-de-ohshape-tower-reloaded-2.png,
VR Arcade,Pixel Hack,pixel-hack,https://overworld.com.sg/experience/pixel-hack/,Retro-styled co-op shooter with bright pixel-art chaos.,2-4,Easy,10+,Shooter; Casual & Party,"A multiplayer online cooperative shooting game that combines elements of shooting, roguelike, cooperation, bullet hell, dodging, and music. Set in a world that blends reality with fiction, the game uses pixelated art style to give players a nostalgic feeling of playing arcade games from their childhood.",https://www.youtube.com/embed/Sfo5IBupIBg?feature=oembed,https://bookeo.com/overworldKallangwavemall,2,https://overworld.com.sg/wp-content/uploads/2026/04/007.jpg; https://overworld.com.sg/wp-content/uploads/2026/04/002.jpg,
VR Arcade,Private Property,private-property,https://overworld.com.sg/experience/private-property/,Co-op tower defense action with strategic firepower.,1-8,Medium,10+,Shooter; Adventure; Tower defense,"Private Property takes players to the 19th Century picturesque forests of rural Montana where the Property is based and now in danger. The goal for each team is to defend locations chosen from farms, towns, and railroad stations from hordes of zombies.
You can experience the adventure with your friends and jointly defend the location from zombies crawling towards the property from the darkest parts of the forest. Each player has access to a wide range of weapons (inspired by authentic ones from the 19th century!) - from revolvers to grenade launchers - to fulfill the needs of both ambitious adventure seekers and early-adopters.",https://www.youtube.com/embed/AtLrbiqc1TY?feature=oembed,https://bookeo.com/overworldKallangwavemall,2,https://overworld.com.sg/wp-content/uploads/2026/04/ss_80d32c23e45f7ca33aa4b37e4ff8f62cc5e4e105.1920x1080.jpg; https://overworld.com.sg/wp-content/uploads/2026/04/maxresdefault-3.jpg,
VR Arcade,Propagation: Top Squad,propagation-top-squad,https://overworld.com.sg/experience/propagation-top-squad/,Co-op zombie survival in pulse-pounding squad combat.,1-8,Medium,16+,Shooter; Zombie; Co-op,"Propagation: Top Squad is a VR action shooter in which players take on the role of a group of soldiers who have landed in a city ravaged by a zombie apocalypse. They are responsible for restarting the military ARES devices (kinds of anti-zombie antennas) placed in the city, before the end of the allotted time. Players must make their way among the hordes of zombies to access the antennas, activate them, then defend them until they are fully activated. A whole arsenal of weapons is available all along with their progress. After episodes 1, 2, and 3 very demanding, Propagation: Top Squad wants to be more accessible and let off steam.",https://www.youtube.com/embed/EY9AHCjmgjk?feature=oembed,https://bookeo.com/overworldKallangwavemall,2,https://overworld.com.sg/wp-content/uploads/2026/06/9.jpg; https://overworld.com.sg/wp-content/uploads/2026/06/6.jpg,
VR Arcade,Propagation: Top Survivors,propagation-top-survivors,https://overworld.com.sg/experience/propagation-top-survivors/,Outlast the horde in this co-op zombie survival epic.,1-8,Medium,16+,Shooter; Zombie; Co-op,"Propagation: Top Survivors is a VR action shooter game in which up to 8 players take on the role of zombie apocalypse survivors forced to leave their camp because of a dangerous hurricane. In order to be evacuated by the Top Squad, survivors must find their way through hordes of zombies to reach the meeting point. Their mission is to restart the ARES military anti-zombies devices set up throughout the city before time runs out (20 min configurable). They will have access to an entire arsenal of weapons as they make their way through the city, to protect the ARES until their full activation.
In line with the previous games from the Propagation series, Top Survivors will offer players a new thrilling mission where they will be able to lay off some steam and collaborate in a heavy atmosphere through new sensational environments.",https://www.youtube.com/embed/KKlYgY655tE?feature=oembed,https://bookeo.com/overworldKallangwavemall,2,https://overworld.com.sg/wp-content/uploads/2026/06/Propagation-Top-Survivors-7.jpg; https://overworld.com.sg/wp-content/uploads/2026/06/Propagation-Top-Survivors-3.jpg,
VR Arcade,Ragnarock,ragnarock,https://overworld.com.sg/experience/ragnarock/,Drum your viking longship to victory with epic metal beats.,1-8,Easy,7+,PvP / Competitive; Rhythm & Music,"Are you ready to rock? Ragnarock is a solo/multiplayer VR rhythm game. Your crew needs a viking captain who can rock hard and take risks. With your two hammers, crush the incoming runes in sync with epic Viking music. Keep hitting the runes perfectly to accumulate combo energy in your hammers, and you will be able to activate a speed boost! Set sail against your rivals in multiplayer! Can you outrace them all and carve your name on the leaderboard?",https://www.youtube.com/embed/K2gYP2neXNI?feature=oembed,https://bookeo.com/overworldKallangwavemall,2,https://overworld.com.sg/wp-content/uploads/2026/04/maxresdefault-2.jpg; https://overworld.com.sg/wp-content/uploads/2026/04/ss_95a879585be2f614ef5cb5a17a85391a081b98ab.1920x1080.jpg,
VR Arcade,Shooty Fruity Arcade,shooty-fruity-arcade,https://overworld.com.sg/experience/shooty-fruity-arcade/,Stock shelves and shoot rampaging fruit in chaotic arcade fun.,1,Easy,10+,Shooter; Casual & Party,"​Scan, serve & pack produce whilst shooting guns to defend your store from mutant fruit! Shooty Fruity is a multi-tasking shooter only possible with a VR headset & motion control. Can you do your job as a sharpshooting shop clerk during the heat of combat? Take on new roles, unlock new weapons & blow up tons of fruit in your juicy career. Scan! Shoot! Repeat!",https://www.youtube.com/embed/CUuB5RKPVnc?feature=oembed,https://bookeo.com/overworldKallangwavemall,2,https://overworld.com.sg/wp-content/uploads/2026/04/page_bg_raw.jpg; https://overworld.com.sg/wp-content/uploads/2026/04/1_Ar3DsdZg0FKwUeMN9diXpQ.jpg,
VR Arcade,Smash Point,smash-point,https://overworld.com.sg/experience/smash-point/,Large-team arena combat built for big group sessions.,1-17,Easy,8+,Shooter; PvP / Competitive; Casual & Party,"Dive into a cartoon-styled world, chasing and smashing each other with the coolest new weapons.
Smash Point is a competitive multiplayer VR game full of visual fun.
The game is played in Deathmatch mode, all against all, so the fun never ends because no one dies for long. The standard number of rounds is 10, one round can be set between 5 and 7 minutes long. The player with the most points wins. The game can host up to 10 players. Bots can be used to fill positions, and will automatically keep the number of players to a minimum of 6. There are 14 charismatic characters in Smash Point, so everyone can find their favourite.",https://www.youtube.com/embed/2AGyGKRKYPU?feature=oembed,https://bookeo.com/overworldKallangwavemall,2,https://overworld.com.sg/wp-content/uploads/2026/06/Smash-Point-Gameplay-2.jpg; https://overworld.com.sg/wp-content/uploads/2026/06/Smash-Point-Gameplay.jpg,
VR Arcade,Synth Riders,synth-riders,https://overworld.com.sg/experience/synth-riders/,Dance and flow through neon synthwave tracks.,1-6,Easy,8+,Rhythm & Music,"Let the music move you in Synth Riders, a dance-action VR rhythm game with custom song support and a thriving multiplayer community!",https://www.youtube.com/embed/verTo5g-DRM?feature=oembed,https://bookeo.com/overworldKallangwavemall,2,https://overworld.com.sg/wp-content/uploads/2026/04/SR_screenshot_01-1200x675-1.png; https://overworld.com.sg/wp-content/uploads/2026/04/61qaZ-mzSlL._AC_UF8941000_QL80_.jpg,
VR Arcade,The Burning Descent,the-burning-descent,https://overworld.com.sg/experience/the-burning-descent/,Battle-royale style arena combat for VR squads.,2-6,Medium,13+,Shooter; PvP / Competitive,"The Burning Descent is an intuitive, fast-paced competitive VR shooter in which you take the role of mercenaries battling in a deathmatch arena.
You'll fight across a colossal and vertiginous arena, teleporting from platform to platform and bullseyeing your opponents with different cool weapons.",https://www.youtube.com/embed/yqWVivtwLXE?feature=oembed,https://bookeo.com/overworldKallangwavemall,2,https://overworld.com.sg/wp-content/uploads/2026/04/TBDScreen2-1.webp; https://overworld.com.sg/wp-content/uploads/2026/04/ss_83f42dd9da01529ce234b552bddbc3c167fb05dc.1920x1080.jpg,
VR Arcade,Tower Tag,tower-tag,https://overworld.com.sg/experience/tower-tag/,Laser-tag style PvP arena combat that rewards quick thinking.,2-8,Medium,10+,Shooter; PvP / Competitive,Tower Tag is a hyper-dynamic futuristic paintball like PVP shooter with a grappling hook locomotion method that becomes second nature instantly. Without any motion sickness!...,https://www.youtube.com/embed/P-_2mpBdmg4?feature=oembed,https://bookeo.com/overworldKallangwavemall,2,https://overworld.com.sg/wp-content/uploads/2026/04/Tower-Tag-9-1024x576-1.jpg; https://overworld.com.sg/wp-content/uploads/2026/04/Tower-Tag-Screenshot-1.jpg,
VR Escape,Alice,alice,https://overworld.com.sg/experience/alice/,Fall down the rabbit hole and into a wonderland that won't let you wake up.,2-4,Hard,10+,Adventure,,,https://bookeo.com/overworldKallangwavemall,3,https://overworld.com.sg/wp-content/uploads/2026/04/escape-the-worlds-1024x585.jpg; https://overworld.com.sg/wp-content/uploads/2026/04/dream-hacker.jpg; https://overworld.com.sg/wp-content/uploads/2026/04/dream-hacker-2-1024x550.jpg,Yes
VR Escape,Beyond Medusa's Gate,beyond-medusas-gate,https://overworld.com.sg/experience/beyond-medusas-gate/,Sail into Greek mythology and uncover the legendary Argo before its secrets vanish.,2-4,Medium,13+,Puzzle & Escape; Adventure; Co-op,"Beyond Medusa's Gate is not a video game. It is an escape game experience set in the world of Assassin's Creed Odyssey.
You will experience a larger-than-life adventure as if you were there, 445 BEC in Ancient Greece. Never alone, as part of a team (of 2 or 4), you become the hero and experience in total safety situations that would be far too dangerous or just impossible to live in real life.
Welcome to the Animus.
Greece 445 B.C. in an age of eloquent philosophers, merciless gods, and death-promising oracles. Somewhere on the Peloponnese peninsula, in a vast Aegean coastal cave, an old artefact has been hidden. It could be the legendary ship of the Argonauts...
Using the Animus simulation program and our database of recorded genetic memories, we will send you back to Greece. Find the ship, if it exists...",https://www.youtube.com/embed/yH3FJRECEMM?feature=oembed,https://bookeo.com/overworldKallangwavemall,2,https://overworld.com.sg/wp-content/uploads/2026/04/BeyondMedusaGate_Greece-scaled-1-1024x576-1.jpg; https://overworld.com.sg/wp-content/uploads/2026/04/BeyondMedusaGate_Lobby-1.jpg,
VR Escape,Chernobyl,chernobyl,https://overworld.com.sg/experience/chernobyl/,Step inside the exclusion zone and uncover the truth behind the disaster.,2-6,Easy,13+,Puzzle & Escape; Adventure; Co-op,"If only we could change the past, or witness the events that changed the world... Is it possible to change fate? Travel back in time to see if you can change the situation from which, it seemed - there was no way out. Find answers to questions that have remained unanswered until now.",https://www.youtube.com/embed/2BNEDCyD9vs?feature=oembed,https://bookeo.com/overworldKallangwavemall,2,https://overworld.com.sg/wp-content/uploads/2026/04/chernobyl-vr.webp; https://overworld.com.sg/wp-content/uploads/2026/04/Chernobyl-Again-Ferris-Wheel-Pripyat-1200x675-1.jpg,
VR Escape,Christmas,christmas,https://overworld.com.sg/experience/christmas/,A magical festive escape perfect for the whole family this holiday season.,1-6,Easy,8+,Casual & Party,"Christmas is under threat! Santa has got caught in a blizzard, he has lost all the presents and cannot find his way home. Only you can save Christmas. Find out why the magic elves refuse to work and the presents are not getting to the children. Hurry up to revive the first Christmas tree along with Santa's best reindeer!",https://www.youtube.com/embed/SLlohSxihF0?feature=oembed,https://bookeo.com/overworldKallangwavemall,2,https://overworld.com.sg/wp-content/uploads/2026/04/Christmas_8.webp; https://overworld.com.sg/wp-content/uploads/2026/04/Christmas1.webp,
VR Escape,Cyberpunk,cyberpunk,https://overworld.com.sg/experience/cyberpunk/,Hack the system in a neon-soaked dystopia where reality is a glitch.,2-4,Hard,13+,Puzzle & Escape; Adventure,,,https://bookeo.com/overworldKallangwavemall,3,https://overworld.com.sg/wp-content/uploads/2026/04/escape-the-worlds-1024x585.jpg; https://overworld.com.sg/wp-content/uploads/2026/04/dream-hacker.jpg; https://overworld.com.sg/wp-content/uploads/2026/04/dream-hacker-2-1024x550.jpg,Yes
VR Escape,Dream Hacker,dream-hacker,https://overworld.com.sg/experience/dream-hacker/,Infiltrate the subconscious and uncover secrets buried deep within the mind.,2-4,Hard,16+,Adventure,,,https://bookeo.com/overworldKallangwavemall,3,https://overworld.com.sg/wp-content/uploads/2026/04/escape-the-worlds-1024x585.jpg; https://overworld.com.sg/wp-content/uploads/2026/04/dream-hacker-2-1024x550.jpg; https://overworld.com.sg/wp-content/uploads/2026/04/dream-hacker-3-1024x576.jpg,Yes
VR Escape,Dream Hacker 2,dream-hacker-2,https://overworld.com.sg/experience/dream-hacker-2/,"The dream is darker, the secrets deeper - return for round two.",2-4,Hard,16+,Adventure,,,https://bookeo.com/overworldKallangwavemall,3,https://overworld.com.sg/wp-content/uploads/2026/04/escape-the-worlds-1024x585.jpg; https://overworld.com.sg/wp-content/uploads/2026/04/dream-hacker.jpg; https://overworld.com.sg/wp-content/uploads/2026/04/dream-hacker-3-1024x576.jpg,Yes
VR Escape,Dream Hacker 3,dream-hacker-3,https://overworld.com.sg/experience/dream-hacker-3/,The final descent. Dreams collide with nightmares in this mind-bending finale.,2-4,Hard,16+,Adventure,,,https://bookeo.com/overworldKallangwavemall,3,https://overworld.com.sg/wp-content/uploads/2026/04/escape-the-worlds-1024x585.jpg; https://overworld.com.sg/wp-content/uploads/2026/04/dream-hacker.jpg; https://overworld.com.sg/wp-content/uploads/2026/04/dream-hacker-2-1024x550.jpg,Yes
VR Escape,Escape the Lost Pyramid,escape-the-lost-pyramid,https://overworld.com.sg/experience/escape-the-lost-pyramid/,Brave the depths of an ancient pyramid in Egypt to uncover its lost secrets.,2-4,Easy,13+,Puzzle & Escape; Adventure; Co-op,"Escape The Lost Pyramid is an escape game in Virtual Reality, taking place in the world of Assassin's Creed Origins.
Welcome to the Animus.
February 1928. An expedition led by Sir Beldon Frye disappears somewhere in the Sinai Peninsula. A team of four and a dozen indigenous porters. They were looking for the Lost Pyramid of Nebka... Or more precisely ""something"" that should have been there. They were never seen again.
Using the simulation reconstructed from their DNA memory, your team will put themselves in the shoes of the explorers.
Find out what happened to the expedition. And more importantly: locate what they were looking for.",https://www.youtube.com/embed/dPilLs6oASk?feature=oembed,https://bookeo.com/overworldKallangwavemall,2,https://overworld.com.sg/wp-content/uploads/2026/04/1_3.jpg; https://overworld.com.sg/wp-content/uploads/2026/04/235-440x293-1.jpg,
VR Escape,Escape the Worlds,escape-the-worlds,https://overworld.com.sg/experience/escape-the-worlds/,Travel between worlds to find your way home - but each world has its rules.,2-4,Hard,13+,Adventure,,,https://bookeo.com/overworldKallangwavemall,3,https://overworld.com.sg/wp-content/uploads/2026/04/dream-hacker.jpg; https://overworld.com.sg/wp-content/uploads/2026/04/dream-hacker-2-1024x550.jpg; https://overworld.com.sg/wp-content/uploads/2026/04/dream-hacker-3-1024x576.jpg,Yes
VR Escape,House of Fear,house-of-fear,https://overworld.com.sg/experience/house-of-fear/,Investigate the haunted halls - if your nerves can take it.,2-4,Easy,16+,Puzzle & Escape,,,https://bookeo.com/overworldKallangwavemall,3,https://overworld.com.sg/wp-content/uploads/2026/04/escape-the-worlds-1024x585.jpg; https://overworld.com.sg/wp-content/uploads/2026/04/dream-hacker.jpg; https://overworld.com.sg/wp-content/uploads/2026/04/dream-hacker-2-1024x550.jpg,Yes
VR Escape,House of Fear: Call of Blood,house-of-fear-call-of-blood,https://overworld.com.sg/experience/house-of-fear-call-of-blood/,A bloodcurdling descent into a vampiric nightmare. Only the brave survive.,2-4,Medium,16+,Puzzle & Escape,,,https://bookeo.com/overworldKallangwavemall,3,https://overworld.com.sg/wp-content/uploads/2026/04/escape-the-worlds-1024x585.jpg; https://overworld.com.sg/wp-content/uploads/2026/04/dream-hacker.jpg; https://overworld.com.sg/wp-content/uploads/2026/04/dream-hacker-2-1024x550.jpg,Yes
VR Escape,House of Fear: Cursed Souls,house-of-fear-cursed-souls,https://overworld.com.sg/experience/house-of-fear-cursed-souls/,Trapped souls cry out for release - will you be brave enough to free them?,2-4,Easy,16+,Puzzle & Escape,,,https://bookeo.com/overworldKallangwavemall,3,https://overworld.com.sg/wp-content/uploads/2026/04/escape-the-worlds-1024x585.jpg; https://overworld.com.sg/wp-content/uploads/2026/04/dream-hacker.jpg; https://overworld.com.sg/wp-content/uploads/2026/04/dream-hacker-2-1024x550.jpg,Yes
VR Escape,Huxley VR,huxley-vr,https://overworld.com.sg/experience/huxley-vr/,A friendly robot guides you through a world where humans no longer exist.,2-4,Medium,13+,Puzzle & Escape; Adventure; Co-op,"3007 AD: The world, as you know it, is gone. Mankind was replaced by machines. What was once green, is now destroyed. You are the last, remaining survivors, with one mission: to help HUXLEY. With your first step into the virtual reality, you have 44 minutes to reverse the apocalypse. Everything you need to succeed can be found within your team: Adrenaline, a fighting spirit and a desire to win. Do you have what it takes to save the world? Well, what are you waiting for? The clock is ticking!",https://www.youtube.com/embed/4z5EEXxY3YI?feature=oembed,https://bookeo.com/overworldKallangwavemall,2,https://overworld.com.sg/wp-content/uploads/2026/04/Exit-VR-Huxley-2.png; https://overworld.com.sg/wp-content/uploads/2026/04/huxley-vr-4-1000x600-1.avif,
VR Escape,Jumper,jumper,https://overworld.com.sg/experience/jumper/,Leap between dimensions to unravel a multiverse-spanning mystery.,2-4,Hard,13+,Puzzle & Escape; Adventure; Co-op,"The agency « Unravel Corp », specialized in unexplained phenomena, is looking for new confirmed agents for a high-risk mission.
Radars detected an unknown wave coming from an estimated 5,000-year-old artefact located below an unlisted disused mine in Mexico.
The agency has a secret laboratory in which it has developed a teleportation machine to get you to some inaccessible places to humans.
Your mission consists in finding the artefact without being killed. You'll have approximately 50 minutes to come back, after this, there will be no possible return.",https://www.youtube.com/embed/4snD-hib6_k?feature=oembed,https://bookeo.com/overworldKallangwavemall,2,https://overworld.com.sg/wp-content/uploads/2026/04/16_9_InGameScreenshot_DeathZone.avif; https://overworld.com.sg/wp-content/uploads/2026/04/16_9_InGameScreenshot_labo.avif,
VR Escape,Jungle Quest,jungle-quest,https://overworld.com.sg/experience/jungle-quest/,A family-friendly jungle adventure perfect for first-time VR explorers.,2-4,Easy,8+,Puzzle & Escape; Casual & Party; Adventure; Co-op,"During a walk in the park, you found a portal that leads to the mysterious world. An amazing sanctuary populated by animals appears in front of you. But how do you get back? Two or four players must work together to find the way home, you have to solve a series of puzzles and explore the mysterious world of flying islands!",https://www.youtube.com/embed/pG5W_HHFzkk?feature=oembed,https://bookeo.com/overworldKallangwavemall,2,https://overworld.com.sg/wp-content/uploads/2026/04/Jungle-Quest-6.webp; https://overworld.com.sg/wp-content/uploads/2026/04/JungleQuest.webp,
VR Escape,Mission Sigma,mission-sigma,https://overworld.com.sg/experience/mission-sigma/,A tactical co-op mission where stealth and teamwork are the only way out.,2-6,Easy,10+,Puzzle & Escape; Adventure; Tactical,"On the roof of an abandoned high-rise, a maniac has installed a nuclear warhead with a timer on it. The building itself has been filled with intricate traps and obstacles. The secret service has helped you infiltrate the courtyard. The rest is down to you. Can you get past all the traps and preempt a nuclear attack?",https://www.youtube.com/embed/crkjQtRChU4?feature=oembed,https://bookeo.com/overworldKallangwavemall,2,https://overworld.com.sg/wp-content/uploads/2026/04/MS03.webp; https://overworld.com.sg/wp-content/uploads/2026/04/Mission-Sigma-1.webp,
VR Escape,Prince of Persia: The Dagger of Time,prince-of-persia-the-dagger-of-time,https://overworld.com.sg/experience/prince-of-persia-the-dagger-of-time/,Master the dagger of time and rewrite fate in this Ubisoft escape adventure.,2-4,Hard,13+,Puzzle & Escape; Adventure; Co-op,"Prince of Persia: The Dagger Of Time is a Virtual Reality Escape Game set in the world of Prince of Persia which enables you to experience time control. You will be able to experience something impossible in real life: to slow, stop or even rewind time!
The story takes place just after the events of the Two Thrones. The players are summoned by Kaileena, the Empress of Time, to stop the evil plans of a Magi who is attempting to restore the sands to the Hourglass to create an army of Sand Monsters. Kaileena restores and gives the Dagger of Time to the players so they can reach the Hourglass Chamber and use it to stop the Magi. Will you make it on time?",https://www.youtube.com/embed/6ysxrcL72b4?feature=oembed,https://bookeo.com/overworldKallangwavemall,2,https://overworld.com.sg/wp-content/uploads/2026/04/POPDOT_Garden_Tower_01.avif; https://overworld.com.sg/wp-content/uploads/2026/04/TheDaggerOfTime_KA_1920.avif,
VR Escape,Sanctum,sanctum,https://overworld.com.sg/experience/sanctum/,Enter the sanctum - but the dark forces within may not let you leave.,2-4,Hard,16+,Puzzle & Escape,,,https://bookeo.com/overworldKallangwavemall,3,https://overworld.com.sg/wp-content/uploads/2026/04/escape-the-worlds-1024x585.jpg; https://overworld.com.sg/wp-content/uploads/2026/04/dream-hacker.jpg; https://overworld.com.sg/wp-content/uploads/2026/04/dream-hacker-2-1024x550.jpg,Yes
VR Escape,Save Notre-Dame on Fire,save-notre-dame-on-fire,https://overworld.com.sg/experience/save-notre-dame-on-fire/,Step into the boots of a firefighter and save Notre-Dame from the historic blaze.,2,Medium,13+,Puzzle & Escape; Adventure; Co-op,"Save Notre-Dame On Fire is a virtual reality escape game that recounts the historic rescue of Notre-Dame de Paris during the fire that almost destroyed the cathedral on April 15, 2019.
This escape game is based on the movie ""Notre-Dame On Fire"" by Jean-Jacques Annaud and seeks to pay further tribute to the Paris fire brigade who helped make the game immersive and authentic. For 45 minutes, become a firefighter who saves the cathedral and its most precious treasure: the crown of thorns. Look for the sacred relic's safe, a well-kept secret; navigate the nave in flames after the spire collapses; then ascend the North tower overhanging Paris and relive the last chance mission in the belfry.",https://www.youtube.com/embed/AzLzh9pnuAk?feature=oembed,https://bookeo.com/overworldKallangwavemall,2,https://overworld.com.sg/wp-content/uploads/2026/04/ENDOF_Screenshot_Spirecollapse_FINAL.avif; https://overworld.com.sg/wp-content/uploads/2026/04/Save-Notre-Dame-screenshot_Firefighter_FINAL1-1024x576-1.png,
VR Escape,Signal Lost,signal-lost,https://overworld.com.sg/experience/signal-lost/,A futuristic mystery where every transmission could be your last.,2-4,Medium,13+,Puzzle & Escape; Adventure,,,https://bookeo.com/overworldKallangwavemall,3,https://overworld.com.sg/wp-content/uploads/2026/04/escape-the-worlds-1024x585.jpg; https://overworld.com.sg/wp-content/uploads/2026/04/dream-hacker.jpg; https://overworld.com.sg/wp-content/uploads/2026/04/dream-hacker-2-1024x550.jpg,Yes
VR Escape,Survival,survival,https://overworld.com.sg/experience/survival/,Stranded in the wild - work together to survive and find your way home.,2-4,Medium,10+,Adventure,,,https://bookeo.com/overworldKallangwavemall,3,https://overworld.com.sg/wp-content/uploads/2026/04/escape-the-worlds-1024x585.jpg; https://overworld.com.sg/wp-content/uploads/2026/04/dream-hacker.jpg; https://overworld.com.sg/wp-content/uploads/2026/04/dream-hacker-2-1024x550.jpg,Yes
VR Escape,The Prison,the-prison,https://overworld.com.sg/experience/the-prison/,"Plan the perfect breakout. Every second counts, every move matters.",2-4,Hard,13+,Puzzle & Escape; Adventure,,,https://bookeo.com/overworldKallangwavemall,3,https://overworld.com.sg/wp-content/uploads/2026/04/escape-the-worlds-1024x585.jpg; https://overworld.com.sg/wp-content/uploads/2026/04/dream-hacker.jpg; https://overworld.com.sg/wp-content/uploads/2026/04/dream-hacker-2-1024x550.jpg,Yes
